{"cameraMode":{"drawMode":0,"name":"Shaded","section":"Shading Mode"},"sceneLighting":false,"audioPlay":false,"sceneViewState":{"showFog":true,"showMaterialUpdate":false,"showSkybox":false,"showFlares":true,"showImageEffects":true,"showParticleSystems":true},"in2DMode":false,"pivot":{"x":-199.75502014160157,"y":-286.5335693359375,"z":183.99981689453126},"rotation":{"x":0.14433442056179048,"y":0.4096428453922272,"z":-0.06584644317626953,"w":0.8983972668647766},"size":783.4207763671875,"orthographic":false}