{"cameraMode":{"drawMode":0,"name":"Shaded","section":"Shading Mode"},"sceneLighting":false,"audioPlay":false,"sceneViewState":{"showFog":true,"showMaterialUpdate":false,"showSkybox":false,"showFlares":true,"showImageEffects":true,"showParticleSystems":true},"in2DMode":false,"pivot":{"x":534.0969848632813,"y":964.3968505859375,"z":184.0},"rotation":{"x":0.04161952808499336,"y":-0.26590749621391299,"z":-0.011492514982819558,"w":-0.9630335569381714},"size":1454.677001953125,"orthographic":false}