{"cameraMode":{"drawMode":0,"name":"Shaded","section":"Shading Mode"},"sceneLighting":false,"audioPlay":false,"sceneViewState":{"showFog":true,"showMaterialUpdate":false,"showSkybox":true,"showFlares":true,"showImageEffects":true,"showParticleSystems":true},"in2DMode":false,"pivot":{"x":-314.45947265625,"y":-11.967327117919922,"z":-271.947998046875},"rotation":{"x":-0.04750698432326317,"y":0.4129656255245209,"z":0.02155272476375103,"w":0.9092856049537659},"size":2210.677001953125,"orthographic":false}