{"cameraMode":{"drawMode":0,"name":"Shaded","section":"Shading Mode"},"sceneLighting":false,"audioPlay":false,"sceneViewState":{"showFog":true,"showMaterialUpdate":false,"showSkybox":false,"showFlares":true,"showImageEffects":true,"showParticleSystems":true},"in2DMode":false,"pivot":{"x":401.625244140625,"y":1028.341796875,"z":-46.9931640625},"rotation":{"x":-0.010543201118707657,"y":-0.21958725154399873,"z":0.0023853559978306295,"w":-0.9755435585975647},"size":2098.5146484375,"orthographic":false}