{"cameraMode":{"drawMode":0,"name":"Shaded","section":"Shading Mode"},"sceneLighting":false,"audioPlay":false,"sceneViewState":{"showFog":true,"showMaterialUpdate":false,"showSkybox":false,"showFlares":true,"showImageEffects":true,"showParticleSystems":true},"in2DMode":false,"pivot":{"x":638.3244018554688,"y":364.4288024902344,"z":-4.446533203125},"rotation":{"x":-0.00031051281257532537,"y":-0.00990315806120634,"z":0.000006598537765967194,"w":-0.9999721646308899},"size":746.2815551757813,"orthographic":false}