{"cameraMode":{"drawMode":0,"name":"Shaded","section":"Shading Mode"},"sceneLighting":false,"audioPlay":false,"sceneViewState":{"showFog":true,"showMaterialUpdate":true,"showSkybox":true,"showFlares":true,"showImageEffects":true,"showParticleSystems":true},"in2DMode":false,"pivot":{"x":-6.5994873046875,"y":-28.049148559570314,"z":217.2564697265625},"rotation":{"x":0.06308919936418534,"y":0.2244148999452591,"z":-0.014658953994512558,"w":0.9724123477935791},"size":2125.20849609375,"orthographic":false}